Student_ID,Name,Gender,Department,Attendance,Study_Hours,Assignment_Score,Internal_Marks,External_Marks,Total_Marks,Result
STU001,Student_1,Female,IT,85.3,7.8,63.0,56,83,139,Pass
STU002,Student_2,Female,ENTC,62.2,3.2,74.0,86,68,154,Pass
STU003,Student_3,Male,ENTC,57.3,7.1,65.0,58,82,140,Pass
STU004,Student_4,Female,IT,70.2,3.2,93.0,62,66,128,Pass
STU005,Student_5,Male,ENTC,59.9,1.2,89.0,85,81,166,Pass
STU006,Student_6,Female,ENTC,,1.3,56.0,38,69,107,Pass
STU007,Student_7,Female,CSE,94.9,2.3,58.0,71,40,111,Pass
STU008,Student_8,Male,CSE,71.4,1.5,59.0,41,49,90,Pass
STU009,Student_9,Female,CSE,64.8,2.8,89.0,71,47,118,Pass
STU010,Student_10,Female,CSE,88.9,7.4,92.0,69,51,120,Pass
STU011,Student_11,Male,ENTC,59.8,4.2,90.0,62,63,125,Pass
STU012,Student_12,Female,ENTC,88.5,1.9,72.0,89,55,144,Pass
STU013,Student_13,Female,IT,76.1,6.7,90.0,43,53,96,Pass
STU014,Student_14,Male,IT,81.9,3.8,64.0,43,44,87,Pass
STU015,Student_15,Male,CSE,61.6,,80.0,45,91,136,Pass
STU016,Student_16,Female,CSE,63.3,7.0,48.0,76,72,148,Pass
STU017,Student_17,Male,ENTC,84.0,2.9,62.0,92,69,161,Pass
STU018,Student_18,Male,IT,57.2,6.0,93.0,55,41,96,Pass
STU019,Student_19,Male,IT,66.2,3.5,51.0,39,65,104,Pass
STU020,Student_20,Male,IT,79.4,6.6,48.0,79,38,117,Pass
STU021,Student_21,Male,ENTC,65.2,6.9,64.0,58,42,100,Pass
STU022,Student_22,Female,IT,72.2,4.8,80.0,36,41,77,Pass
STU023,Student_23,Male,CSE,,4.9,66.0,42,88,130,Pass
STU024,Student_24,Male,IT,96.6,1.9,56.0,43,91,134,Pass
STU025,Student_25,Female,IT,80.5,3.6,94.0,78,48,126,Pass
STU026,Student_26,Female,IT,79.0,4.0,68.0,83,94,177,Pass
STU027,Student_27,Male,CSE,55.7,4.6,66.0,59,45,104,Pass
STU028,Student_28,Male,ENTC,99.0,7.2,70.0,92,95,187,Pass
STU029,Student_29,Female,IT,80.8,3.1,41.0,77,68,145,Pass
STU030,Student_30,Male,CSE,90.6,3.8,67.0,56,77,133,Pass
STU031,Student_31,Male,CSE,80.3,6.6,42.0,58,35,93,Pass
STU032,Student_32,Female,ENTC,94.5,3.9,,81,59,140,Pass
STU033,Student_33,Male,CSE,81.3,2.3,100.0,53,89,142,Pass
STU034,Student_34,Male,ENTC,86.9,6.9,91.0,54,91,145,Pass
STU035,Student_35,Male,IT,61.7,5.0,53.0,49,71,120,Pass
STU036,Student_36,Female,ENTC,74.3,1.4,53.0,72,58,130,Pass
STU037,Student_37,Female,IT,86.2,7.9,65.0,70,81,151,Pass
STU038,Student_38,Male,IT,59.7,2.6,80.0,67,37,104,Pass
STU039,Student_39,Female,ENTC,74.8,5.3,46.0,58,89,147,Pass
STU040,Student_40,Female,CSE,62.5,3.6,79.0,58,73,131,Pass
STU041,Student_41,Female,ENTC,77.8,6.6,87.0,82,40,122,Pass
STU042,Student_42,Female,IT,91.9,5.4,77.0,91,90,181,Pass
STU043,Student_43,Female,CSE,59.1,6.7,57.0,82,52,134,Pass
STU044,Student_44,Male,IT,91.0,3.0,46.0,69,36,105,Pass
STU045,Student_45,Female,IT,80.4,2.9,97.0,67,44,111,Pass
STU046,Student_46,Male,CSE,81.5,5.2,78.0,70,86,156,Pass
STU047,Student_47,Male,IT,63.9,7.6,83.0,52,48,100,Pass
STU048,Student_48,Male,ENTC,74.6,6.0,95.0,76,48,124,Pass
STU049,Student_49,Male,CSE,68.3,,97.0,67,68,135,Pass
STU050,Student_50,Female,ENTC,56.7,1.9,77.0,67,42,109,Pass
STU051,Student_51,Male,ENTC,56.4,4.2,81.0,82,61,143,Pass
STU052,Student_52,Female,IT,75.4,7.8,70.0,53,45,98,Pass
STU053,Student_53,Female,IT,88.5,5.8,42.0,39,87,126,Pass
STU054,Student_54,Female,CSE,80.1,2.4,76.0,37,81,118,Pass
STU055,Student_55,Male,CSE,72.3,1.3,50.0,50,73,123,Pass
STU056,Student_56,Female,CSE,62.6,7.7,96.0,92,91,183,Pass
STU057,Student_57,Male,IT,92.7,7.0,65.0,76,44,120,Pass
STU058,Student_58,Female,IT,82.0,6.8,58.0,42,69,111,Pass
STU059,Student_59,Female,CSE,90.2,7.7,72.0,68,73,141,Pass
STU060,Student_60,Male,CSE,93.2,5.2,98.0,77,89,166,Pass
STU061,Student_61,Female,CSE,82.1,7.5,56.0,86,93,179,Pass
STU062,Student_62,Male,ENTC,90.1,2.0,62.0,40,68,108,Pass
STU063,Student_63,Male,ENTC,82.7,1.8,80.0,71,57,128,Pass
STU064,Student_64,Female,ENTC,56.0,3.6,71.0,45,61,106,Pass
STU065,Student_65,Male,CSE,88.8,6.4,86.0,63,43,106,Pass
STU066,Student_66,Male,ENTC,62.9,3.2,78.0,52,89,141,Pass
STU067,Student_67,Male,ENTC,75.6,5.5,44.0,90,38,128,Pass
STU068,Student_68,Female,ENTC,,1.1,63.0,43,75,118,Pass
STU069,Student_69,Female,ENTC,76.8,4.8,98.0,41,63,104,Pass
STU070,Student_70,Male,ENTC,93.0,3.4,79.0,51,82,133,Pass
STU071,Student_71,Male,IT,62.9,7.3,40.0,55,82,137,Pass
STU072,Student_72,Male,ENTC,55.7,7.6,78.0,38,74,112,Pass
STU073,Student_73,Female,CSE,93.2,3.7,92.0,83,37,120,Pass
STU074,Student_74,Male,IT,88.4,3.8,54.0,47,79,126,Pass
STU075,Student_75,Female,IT,75.6,7.3,85.0,47,58,105,Pass
STU076,Student_76,Female,IT,73.8,1.4,49.0,93,80,173,Pass
STU077,Student_77,Male,IT,60.3,3.8,84.0,36,66,102,Pass
STU078,Student_78,Female,ENTC,70.2,1.9,79.0,53,36,89,Pass
STU079,Student_79,Female,IT,59.3,1.6,66.0,58,91,149,Pass
STU080,Student_80,Male,IT,87.2,6.5,,59,71,130,Pass
STU081,Student_81,Female,IT,58.5,3.1,45.0,43,58,101,Pass
STU082,Student_82,Male,CSE,64.3,5.1,41.0,89,39,128,Pass
STU083,Student_83,Male,CSE,80.8,7.1,52.0,51,49,100,Pass
STU084,Student_84,Male,IT,68.2,7.2,75.0,86,70,156,Pass
STU085,Student_85,Male,IT,84.5,5.2,62.0,56,94,150,Pass
STU086,Student_86,Male,CSE,91.2,5.5,91.0,89,57,146,Pass
STU087,Student_87,Female,IT,70.8,1.4,89.0,54,65,119,Pass
STU088,Student_88,Male,ENTC,59.2,3.1,40.0,66,79,145,Pass
STU089,Student_89,Female,CSE,91.6,5.8,47.0,89,74,163,Pass
STU090,Student_90,Male,IT,90.3,2.3,40.0,38,39,77,Pass
STU091,Student_91,Male,CSE,72.7,6.6,98.0,82,58,140,Pass
STU092,Student_92,Male,CSE,93.9,4.6,66.0,69,72,141,Pass
STU093,Student_93,Male,IT,72.3,6.3,59.0,60,81,141,Pass
STU094,Student_94,Male,ENTC,66.6,2.2,58.0,76,37,113,Pass
STU095,Student_95,Male,IT,92.3,1.6,47.0,49,94,143,Pass
STU096,Student_96,Male,IT,88.1,4.4,45.0,44,84,128,Pass
STU097,Student_97,Female,ENTC,77.8,4.7,69.0,42,70,112,Pass
STU098,Student_98,Female,IT,84.0,5.9,41.0,73,37,110,Pass
STU099,Student_99,Male,IT,64.6,2.4,68.0,84,92,176,Pass
STU100,Student_100,Female,ENTC,95.3,5.7,46.0,57,93,150,Pass
STU011,Student_11,Male,ENTC,59.8,4.2,90.0,62,63,125,Pass
